first_name,last_name,email,city
Giacomo,Contreras,ornare.tortor@Nullamscelerisqueneque.co.uk,Zweibrücken
Francis,Macias,non@vitaeerat.ca,Okara
Mason,House,amet@egetodio.co.uk,Jennersdorf
Joshua,Pickett,velit@eunullaat.co.uk,Schwedt
Suki,Henderson,lacus@arcuet.edu,Olathe
Joshua,Carpenter,erat@semegetmassa.net,Palmariggi
Stephen,Day,magna.a.tortor@convalliserateget.edu,Glimes
Knox,Crane,eu@laoreetliberoet.edu,Nancagua
Ivy,Vaughn,interdum.ligula@dignissim.net,"Pozo Almonte"
Cedric,Johnston,et@elitpharetraut.co.uk,Bionaz
Stephen,Levine,Proin@tempusscelerisque.ca,Ajax
Jaime,Parker,sodales.purus@musProinvel.edu,Houston
Althea,Duke,sem.consequat@venenatis.edu,Hoeke
Jeremy,Bell,Integer@pretiumet.edu,"Tanjung Pinang"
Allen,Figueroa,dolor.Fusce@tempuslorem.co.uk,Llangollen
Vincent,Schneider,non.luctus@anteiaculisnec.ca,Coquitlam
Judah,Dodson,lorem.ut.aliquam@orcisem.edu,Irricana
Stephen,Day,magna.a.tortor@convalliserateget.edu,Rechnitz
Jennifer,Oneil,non.dui@augue.com,Schönebeck
Otto,Goff,sem.vitae@ornarelibero.co.uk,"Jefferson City"
Zephania,Woodward,eros@magnaPhasellusdolor.ca,Hafizabad
Jescie,Peck,tempor.erat.neque@sapien.com,Casper
Allen,Figueroa,dolor.Fusce@tempuslorem.co.uk,Corbara
Russell,Farley,facilisis.eget.ipsum@miloremvehicula.net,Barrackpur
Lavinia,Everett,non.enim@cursusaenim.co.uk,Rulles
Wade,Morales,aliquam.eros@eratvelpede.com,"Newport News"
Claudia,Hickman,Pellentesque.habitant.morbi@ametorci.ca,Haripur
Mason,House,amet@egetodio.co.uk,"Lauro de Freitas"
Rhoda,Bell,dictum.cursus.Nunc@Sed.ca,Kharan
Briar,Cook,euismod.ac.fermentum@urna.net,Belfast
Rhoda,Bell,dictum.cursus.Nunc@Sed.ca,Dunstable
Mason,House,amet@egetodio.co.uk,Legnica
Stephen,Day,magna.a.tortor@convalliserateget.edu,Zlatoust
Indigo,Meadows,diam.luctus.lobortis@Nam.co.uk,Kawawachikamach
Dawn,Burke,vitae.erat@acarcu.co.uk,Pointe-aux-Trembles
Frances,Jenkins,tortor.nibh.sit@ipsumnuncid.org,Scarborough
Murphy,Gordon,metus.In.nec@ridiculus.net,Badajoz
Blake,Beasley,dolor.nonummy.ac@Quisqueliberolacus.org,Suarlee
Driscoll,Solomon,Donec.egestas@Nuncacsem.org,"Bowling Green"
Germane,Ayala,dictum.mi@mipedenonummy.net,Lodine
Ruby,Parrish,quis.lectus.Nullam@inaliquetlobortis.co.uk,Zamość
Jaime,Parker,sodales.purus@musProinvel.edu,Yungay
Baxter,Henry,nisi@velitin.edu,Vicoli
Jaime,Parker,sodales.purus@musProinvel.edu,"La Florida"
Jeremy,Bell,Integer@pretiumet.edu,Bionaz
Nissim,Robles,arcu.Vestibulum.ante@aliquetdiamSed.ca,Chancay
Ivor,Adams,sociis@dictum.ca,Buner
Otto,Goff,sem.vitae@ornarelibero.co.uk,Tailles
Jerry,Benson,Vivamus.rhoncus@Curabituregestas.co.uk,Lexington
Shay,Jacobson,non@blanditenimconsequat.com,Frigento
Quinn,Baird,mi@Duis.ca,Nasirabad
Laith,Rhodes,posuere.cubilia.Curae@tempor.net,Grimbergen
Brent,Mcfadden,nisl.sem@pharetra.ca,Mellery
Claudia,Hickman,Pellentesque.habitant.morbi@ametorci.ca,Oromocto
Jerry,Benson,Vivamus.rhoncus@Curabituregestas.co.uk,"Lisciano Niccone"
Claudia,Hickman,Pellentesque.habitant.morbi@ametorci.ca,Kapuskasing
Chantale,Collins,arcu@arcuMorbisit.net,"Diego de Almagro"
Frances,Jenkins,tortor.nibh.sit@ipsumnuncid.org,"Lions Bay"
Jordan,Wilson,rutrum.eu@ipsum.net,Sainte-Marie-sur-Semois
Kelly,Spears,accumsan.interdum@Praesent.edu,Newmarket
Baxter,Henry,nisi@velitin.edu,"Owen Sound"
Amity,Horne,Donec.non@musDonecdignissim.org,Attert
Judah,Dodson,lorem.ut.aliquam@orcisem.edu,Banjar
Reese,Oliver,Sed.dictum.Proin@maurisaliquameu.org,"Jerez de la Frontera"
Zachary,Garrison,orci.consectetuer@auctorvitaealiquet.co.uk,Frankfort
Reese,Oliver,Sed.dictum.Proin@maurisaliquameu.org,Rathenow
Jaime,Parker,sodales.purus@musProinvel.edu,Lampa
Vincent,Schneider,non.luctus@anteiaculisnec.ca,Pointe-Claire
Brittany,Waters,adipiscing.Mauris.molestie@ametultriciessem.edu,Lautaro
Cedric,Johnston,et@elitpharetraut.co.uk,Courbevoie
Chantale,Collins,arcu@arcuMorbisit.net,Thurso
Stephen,Day,magna.a.tortor@convalliserateget.edu,Orekhovo-Zuyevo
Carl,Dale,arcu.Curabitur.ut@elita.net,Sevastopol
Zephania,Woodward,eros@magnaPhasellusdolor.ca,Hekelgem
Rhoda,Bell,dictum.cursus.Nunc@Sed.ca,Pyeongtaek
Althea,Duke,sem.consequat@venenatis.edu,Dole
Rebekah,Craft,magnis.dis@Maecenasornareegestas.net,Sint-Katherina-Lombeek
Joshua,Pickett,velit@eunullaat.co.uk,Bovigny
Chantale,Collins,arcu@arcuMorbisit.net,Lint
Rebekah,Craft,magnis.dis@Maecenasornareegestas.net,Fokino
Brent,Mcfadden,nisl.sem@pharetra.ca,Sint-Kwintens-Lennik
Nissim,Robles,arcu.Vestibulum.ante@aliquetdiamSed.ca,"Sterling Heights"
Buffy,Koch,eleifend.nec.malesuada@eterosProin.ca,Ñiquén
Judah,Dodson,lorem.ut.aliquam@orcisem.edu,Pozantı
Joshua,Carpenter,erat@semegetmassa.net,Sepino
Virginia,Stafford,et@blanditcongue.co.uk,Varendonk
Aline,Guzman,hymenaeos.Mauris@gravidasagittisDuis.net,Wardin
Hadassah,Melendez,consectetuer.mauris.id@atvelitCras.co.uk,Rutten
Amity,Horne,Donec.non@musDonecdignissim.org,Aurora
Ivy,Vaughn,interdum.ligula@dignissim.net,"Ville de Maniwaki"
Jerry,Benson,Vivamus.rhoncus@Curabituregestas.co.uk,Pereto
Hadassah,Melendez,consectetuer.mauris.id@atvelitCras.co.uk,Umerkot
Elizabeth,Trevino,Donec@nectempusscelerisque.org,GŽrompont
Heather,Sandoval,augue.scelerisque@loremfringilla.net,Stewart
Aline,Guzman,hymenaeos.Mauris@gravidasagittisDuis.net,"Hines Creek"
Armand,Sloan,nisl@nunc.co.uk,Berlin
Armand,Sloan,nisl@nunc.co.uk,"New Westminster"
Rajah,Gordon,sit.amet@diam.com,Cheonan
Ainsley,Nielsen,non@feugiat.org,Ingolstadt
Althea,Duke,sem.consequat@venenatis.edu,Canela
Maris,May,iaculis.aliquet@massaIntegervitae.org,Lawton
Xandra,Hale,malesuada@lectuspede.ca,Torrevieja
Cecilia,Cooper,amet@magna.edu,Johnstone
Cain,Murphy,Aliquam.nisl.Nulla@pharetrafeliseget.org,Castor
Hayfa,Mendez,pharetra.sed.hendrerit@magnaCras.net,Ham-sur-Sambre
Abra,Cantrell,Phasellus@Fuscemollis.org,"Green Bay"
Margaret,Shaffer,Nunc.mauris@Nullam.net,Nizamabad
Rhona,Ayers,pellentesque.eget.dictum@Cras.edu,Dunfermline
Raphael,Barber,hymenaeos.Mauris.ut@atvelit.co.uk,Papudo
Byron,Soto,interdum.Curabitur.dictum@vehicula.edu,Honolulu
Coby,Zamora,Ut.tincidunt.orci@idlibero.co.uk,"Tando Allahyar"
Samson,Hogan,sociis@Maurisquisturpis.org,Mendonk
Hannah,Buck,sem.ut.cursus@nuncsed.org,Mödling
Todd,Banks,elit@ipsum.com,"Padang Panjang"
Erasmus,Vega,varius.Nam.porttitor@nuncac.co.uk,Meerut
Amber,Cleveland,elit@laoreetipsum.org,"Villanova d'Albenga"
Cecilia,Cooper,amet@magna.edu,Juárez
Maris,May,iaculis.aliquet@massaIntegervitae.org,Hexham
Plato,Stevens,quis.pede@auctorveliteget.net,Forchtenstein
Richard,Reyes,Nam.tempor.diam@elitAliquam.org,Lebu
Todd,Banks,elit@ipsum.com,Folkestone
Dane,Ingram,sem.vitae@Maecenas.net,Cuernavaca
Autumn,Craft,porttitor.tellus.non@aliquameros.co.uk,Tilly
James,Black,sit@rutrummagnaCras.net,"North Las Vegas"
Pascale,Flynn,vestibulum@augue.co.uk,Llandovery
Amanda,Christensen,auctor.ullamcorper@Morbi.net,Montgomery
Piper,Wise,lacinia.orci.consectetuer@anteipsum.com,Saint-Dizier
Shay,Jacobson,non@blanditenimconsequat.com,Essene
Mohammad,Stark,accumsan@Curabiturvel.org,Raigarh
Noelani,Rosa,sem.ut@malesuadafames.net,"Bad Hersfeld"
Gisela,Byrd,neque.venenatis.lacus@imperdietnon.net,Talcahuano
Desirae,Hess,turpis@utipsum.net,"Isla de Pascua"
Mohammad,Stark,accumsan@Curabiturvel.org,Solnechnogorsk
Samson,Hogan,sociis@Maurisquisturpis.org,Salzburg
Dane,Ingram,sem.vitae@Maecenas.net,Ibadan
Rhona,Ayers,pellentesque.eget.dictum@Cras.edu,"Rock Springs"
Wynne,Justice,erat@Donectempus.com,Barrie
Ciaran,Solomon,nec.ante.blandit@ipsum.org,"La Baie"
Lana,Kelley,ligula.consectetuer@nonummyFusce.com,Borgomasino
Gisela,Byrd,neque.venenatis.lacus@imperdietnon.net,"Vauda Canavese"
Patricia,Barker,ut.nisi@placerat.org,Herentals
Todd,Banks,elit@ipsum.com,"Castel Giorgio"
Zephr,Macknight,ipsum.sodales@lacusvestibulumlorem.org,Aguazul
Alexander,Lester,consectetuer.adipiscing.elit@cursusluctus.net,Châteauroux
Virginia,Rivas,a.malesuada@a.edu,Coldstream
Candace,Moody,lorem@quam.com,Lloydminster
TaShya,James,eu.augue@tellusNunc.org,Porpetto
Virginia,Rivas,a.malesuada@a.edu,Hoeke
Pascale,Sweeney,libero.lacus.varius@cursusa.net,Assiniboia
Hadassah,Glover,Proin.vel.nisl@gravidaAliquamtincidunt.net,Rostov
Pascale,Sweeney,libero.lacus.varius@cursusa.net,Bomal
Zeus,Woodard,natoque@laciniavitaesodales.com,Ottawa-Carleton
Erasmus,Vega,varius.Nam.porttitor@nuncac.co.uk,Calama
Gillian,Ford,at.egestas.a@Maurisblandit.net,Grand-Halleux
Dacey,Brennan,Class.aptent.taciti@etpedeNunc.ca,Wichelen
Gillian,Ford,at.egestas.a@Maurisblandit.net,Westmount
Wade,Bauer,fames@vestibulumloremsit.co.uk,"Morro d'Alba"
Byron,Soto,interdum.Curabitur.dictum@vehicula.edu,Allentown
Gretchen,Soto,aliquam.eu@utquam.co.uk,Genova
Gisela,Byrd,neque.venenatis.lacus@imperdietnon.net,Charny
Abel,Estrada,erat.volutpat.Nulla@felis.net,Greymouth
Ursula,Oconnor,Etiam.bibendum.fermentum@dui.edu,Bhagalpur
Paul,Winters,placerat.Cras.dictum@tellusjusto.com,Pradamano
Libby,Mendoza,Nunc.quis@primisin.co.uk,Malderen
James,Black,sit@rutrummagnaCras.net,Maullín
Iona,Wyatt,hendrerit.neque.In@malesuada.edu,Westmalle
Hanae,Everett,augue.ut.lacus@Suspendissenonleo.edu,Southaven
Gisela,Byrd,neque.venenatis.lacus@imperdietnon.net,Boorsem
James,Black,sit@rutrummagnaCras.net,Gongju
Amity,Edwards,velit@liberoMorbi.edu,Forge-Philippe
Xandra,Hale,malesuada@lectuspede.ca,Wazirabad
Britanni,Mcclain,semper@etarcuimperdiet.ca,Nederokkerzeel
Coby,Zamora,Ut.tincidunt.orci@idlibero.co.uk,Meerhout
James,Black,sit@rutrummagnaCras.net,Evansville
TaShya,James,eu.augue@tellusNunc.org,"Kansas City"
Margaret,Shaffer,Nunc.mauris@Nullam.net,Svobodny
Amber,Cleveland,elit@laoreetipsum.org,"Cedar Rapids"
Zeus,Woodard,natoque@laciniavitaesodales.com,Episcopia
Gillian,Ford,at.egestas.a@Maurisblandit.net,Miami
Reagan,Holcomb,magna@interdumSedauctor.edu,Baie-Saint-Paul
Paul,Winters,placerat.Cras.dictum@tellusjusto.com,Germersheim
Pascale,Sweeney,libero.lacus.varius@cursusa.net,Nakusp
Hannah,Buck,sem.ut.cursus@nuncsed.org,Holywell
Amber,Cleveland,elit@laoreetipsum.org,Nasirabad
Abra,Cantrell,Phasellus@Fuscemollis.org,Minto
Cecilia,Cooper,amet@magna.edu,Viddalba
Amity,Edwards,velit@liberoMorbi.edu,"Tiarno di Sopra"
Tanya,Gates,diam@magnis.net,Corroy-le-Grand
Virginia,Rivas,a.malesuada@a.edu,Warminster
Hadassah,Glover,Proin.vel.nisl@gravidaAliquamtincidunt.net,"Bandar Lampung"
Virginia,Rivas,a.malesuada@a.edu,"Bowling Green"
Candace,Whitaker,Quisque@ipsum.edu,Appelterre-Eichem
Tatiana,Cross,urna.justo.faucibus@egestasAliquam.ca,Sint-Agatha-Berchem
Zeus,Woodard,natoque@laciniavitaesodales.com,"Strathcona County"
Kamal,Williamson,dui@euarcuMorbi.co.uk,"Mühlheim am Main"
Alexander,Lester,consectetuer.adipiscing.elit@cursusluctus.net,Okara
Hanae,Everett,augue.ut.lacus@Suspendissenonleo.edu,Cametá
Cain,Murphy,Aliquam.nisl.Nulla@pharetrafeliseget.org,"Casnate con Bernate"
Gisela,Byrd,neque.venenatis.lacus@imperdietnon.net,Hantes-WihŽries
Piper,Wise,lacinia.orci.consectetuer@anteipsum.com,Delmenhorst
Michelle,Beach,convallis@Aenean.net,Tramutola
Portia,Hester,mollis@acsem.edu,Cervinara
Richard,Reyes,Nam.tempor.diam@elitAliquam.org,"Dera Bugti"
Emma,Juarez,et.magnis@Maecenasiaculis.com,Diamer
Aubrey,Bernard,nisi@varius.co.uk,Seattle
Raja,Butler,pharetra.Quisque.ac@Suspendisse.org,Bingen
Erasmus,Vega,varius.Nam.porttitor@nuncac.co.uk,Nieuwegein
Iona,Wyatt,hendrerit.neque.In@malesuada.edu,Tintange
Elmo,Jefferson,Maecenas.iaculis.aliquet@tellusNunclectus.ca,"Castel Ritaldi"
Raja,Butler,pharetra.Quisque.ac@Suspendisse.org,"Pavone del Mella"
Gemma,Sears,per.conubia.nostra@Sednunc.org,Moerbeke
Candace,Whitaker,Quisque@ipsum.edu,Osan
Ciaran,Pratt,dui.nec@acmattisornare.ca,Saint-Sébastien-sur-Loire
Lane,Garza,netus.et@NullamnislMaecenas.org,Nanton
Gillian,Ford,at.egestas.a@Maurisblandit.net,Sint-Katherina-Lombeek
Cally,Wiley,orci@quam.ca,Londrina
Karleigh,Mcguire,augue.ac.ipsum@augue.ca,Drongen
Velma,Hartman,tellus.Phasellus.elit@turpisnonenim.co.uk,Georgia
Gemma,Sears,per.conubia.nostra@Sednunc.org,Grimaldi
Jolene,Morris,sapien.Nunc.pulvinar@Quisquevarius.net,"Cartagena del Chairá"
Wayne,Williamson,Aliquam@ligulatortor.com,Achalpur
Erasmus,Vega,varius.Nam.porttitor@nuncac.co.uk,Bothey
Desirae,Hess,turpis@utipsum.net,"Ulloa (Barrial)"
Doris,Gates,quis@interdum.org,Etobicoke
Elmo,Jefferson,Maecenas.iaculis.aliquet@tellusNunclectus.ca,"Norfolk County"
Ishmael,Simmons,libero@porttitorscelerisqueneque.co.uk,Bowden
Gillian,Ford,at.egestas.a@Maurisblandit.net,Price
Galvin,Gates,mauris.sagittis@tortorIntegeraliquam.net,"Porretta Terme"
Wayne,Williamson,Aliquam@ligulatortor.com,Westport
Iona,Wyatt,hendrerit.neque.In@malesuada.edu,Plymouth
Desirae,Hess,turpis@utipsum.net,Westmalle
Doris,Gates,quis@interdum.org,Gijzegem
Portia,Hester,mollis@acsem.edu,"Guardia Sanframondi"
Candace,Whitaker,Quisque@ipsum.edu,"Charters Towers"
Lane,Garza,netus.et@NullamnislMaecenas.org,Bromyard
Aileen,Hays,Ut.sagittis@variusorci.com,Kenosha
Wayne,Williamson,Aliquam@ligulatortor.com,Labuissire
Tamekah,Kent,molestie@porttitorerosnec.co.uk,Gouy-lez-PiŽton
Aubrey,Bernard,nisi@varius.co.uk,Tufo
Liberty,Knox,Donec@euismod.net,Troitsk
Amber,Cleveland,elit@laoreetipsum.org,Tank
Pamela,Simon,Nulla.aliquet.Proin@ornaretortorat.org,"Vico nel Lazio"
Velma,Hartman,tellus.Phasellus.elit@turpisnonenim.co.uk,Spoleto
Xandra,Hale,malesuada@lectuspede.ca,"Le Mans"
Steel,Soto,ipsum@idenim.edu,Sevastopol
Iona,Wyatt,hendrerit.neque.In@malesuada.edu,Rizes
Ishmael,Simmons,libero@porttitorscelerisqueneque.co.uk,Rivello
Pamela,Simon,Nulla.aliquet.Proin@ornaretortorat.org,"Connah's Quay"
Dane,Ingram,sem.vitae@Maecenas.net,"Estación Central"
Travis,Mosley,dictum.augue.malesuada@tellusjustosit.co.uk,Guntakal
Lionel,Beasley,pharetra@Fuscemollis.org,Jemeppe-sur-Meuse
Doris,Gates,quis@interdum.org,Heilbronn
Bruno,Mathis,Aliquam.ultrices@Vestibulumante.net,Madison
Pascale,Flynn,vestibulum@augue.co.uk,Merzig
Joelle,Slater,Sed.neque@ametconsectetueradipiscing.ca,Tillet
Bruno,Mathis,Aliquam.ultrices@Vestibulumante.net,"Chiusa Sclafani"
Margaret,Shaffer,Nunc.mauris@Nullam.net,Yeoju
Candace,Whitaker,Quisque@ipsum.edu,Nässjö
Ishmael,Simmons,libero@porttitorscelerisqueneque.co.uk,"Tando Allahyar"
Dane,Ingram,sem.vitae@Maecenas.net,Roermond
Pamela,Simon,Nulla.aliquet.Proin@ornaretortorat.org,Poggiodomo
Gillian,Ford,at.egestas.a@Maurisblandit.net,Thorembais-les-BŽguines
Gemma,Sears,per.conubia.nostra@Sednunc.org,Kircudbright
Joelle,Slater,Sed.neque@ametconsectetueradipiscing.ca,Siena
Aubrey,Bernard,nisi@varius.co.uk,Lillois-WitterzŽe
Raja,Butler,pharetra.Quisque.ac@Suspendisse.org,"Termeno sulla strada del vino/Tramin an der Weinstrasse"
Galvin,Gates,mauris.sagittis@tortorIntegeraliquam.net,Lauregno/Laurein
Aubrey,Lewis,nec.cursus.a@lectusante.com,Wörgl
Raja,Butler,pharetra.Quisque.ac@Suspendisse.org,Alanya
Iona,Wyatt,hendrerit.neque.In@malesuada.edu,Parndorf
Ahmed,Frye,Quisque.nonummy.ipsum@risusDonecnibh.net,Laakirchen
Bruno,Mathis,Aliquam.ultrices@Vestibulumante.net,Chiniot
Brittany,Barry,Cras.pellentesque.Sed@lectus.ca,Bologna
Emma,Juarez,et.magnis@Maecenasiaculis.com,Provo
Portia,Hester,mollis@acsem.edu,Zavitinsk
Tanya,Gates,diam@magnis.net,Vlezenbeek
Liberty,Knox,Donec@euismod.net,Segni
Lane,Garza,netus.et@NullamnislMaecenas.org,Gougnies
Kato,Kane,orci.lobortis@Suspendisse.co.uk,Shawville
Faith,Sexton,natoque@rhoncusDonecest.org,Carbonear
Galvin,Gates,mauris.sagittis@tortorIntegeraliquam.net,Vance
Pamela,Simon,Nulla.aliquet.Proin@ornaretortorat.org,As
Timothy,Riggs,sed.sem.egestas@nec.org,"Bad Vöslau"
Steel,Soto,ipsum@idenim.edu,Ortacesus
Jolene,Morris,sapien.Nunc.pulvinar@Quisquevarius.net,Pelago
Gillian,Ford,at.egestas.a@Maurisblandit.net,Andernach
Cally,Wiley,orci@quam.ca,Peutie
Ciaran,Pratt,dui.nec@acmattisornare.ca,Ciplet
Amber,Cleveland,elit@laoreetipsum.org,Valenciennes
Tamekah,Kent,molestie@porttitorerosnec.co.uk,Proddatur
Preston,Lamb,magna@morbi.ca,Quillota
Desirae,Hess,turpis@utipsum.net,Cwmbran
Frances,Monroe,In@auctor.ca,Meerdonk
Portia,Hester,mollis@acsem.edu,Reading
Lionel,Beasley,pharetra@Fuscemollis.org,Ajax
Velma,Hartman,tellus.Phasellus.elit@turpisnonenim.co.uk,Etalle
Ishmael,Simmons,libero@porttitorscelerisqueneque.co.uk,Saint-Eug�ne-de-Ladri�re
Keiko,Gardner,Quisque.nonummy@Aliquamrutrum.edu,Kessel
Erasmus,Vega,varius.Nam.porttitor@nuncac.co.uk,Huppaye
Inga,Larsen,sapien.gravida.non@Nunc.ca,Southampton
